16098603,18666844,7861312,1065921,1183041,18069427,131601987,7702232,25026165,21681252,24004172,48485771,116952434,3592
6608,18666844,14498387,45416789,65913144,22784458,20397258,24004172,18021714,48485771,17346342,1183041,42361118,17092592,1492222
5,1134701,8470732,7861312,19040580,18069427,24081780,7872262,21681252,45416789,8004732,65913144,43933017,60968363,14691709,359266
08,8470732,7872262,47161442,14498387,65913144,60968363,57986173,18069427,119228619,16453996,45416789,17224642,1134701,104209445,20
397258,24081780,21681252,24004172,8004732,24641194,18021714,1065921,7846,42361118,43933017,14922225,1449838
7,15853668,22679419,48485771,7861312,15234657,17092592,43933017,7872262,47161442,14498387,65913144,60968363,57986173,226
79419,21195122,45416789,24081780,21681252,17092592,15234657,42361118,131601987,141021153,22784458,8470732,7872262,17224642,14498
387,57986173,45416789,1134701,21681252,24004172,47161442,24641194,7861312,14269220,42361118,18666844,170729553,187744415,579861
73,85343184,21195122,16464746,23822446,12611642,63787760,93905958,35722372,131601987,170729553,16464746,22784458,12611642,357
22372,131601987,141021153,22784458,104352067,63787760,65913144,57986173,23822446,7846,35722372,14139971,187744415,93905958,47
161442,85343184,16464746,20397258,21681252,116952434,16453996,6608332,24004172,1065921,35722372,42361118,43933017,35926608,847
0732,7872262,65913144,15853668,57986173,16453996,16464746,17224642,1134701,104209445,20397258,24081780,24641194,12611642,180694
27,43933017,8470732,7872262,47161442,16475194,104209445,22784458,17224642,18753000,19040580,116952434,17346342,8470732,47161442,65
913144,15853668,7872262,21195122,7702232,25026165,20397258,24081780,21681252,24641194,35926608,8470732,7872262,47161442,14498387,65913144,15853668,60968363,57986173,18069427,119228619,16453996,45416789,17224642,1134701,104209445,24081780,21681252,24004172,8004732,18021714,42361118,24641194,43933017,18666844,131601987,14498387,141021153,22784458,104352067,24004172,63787760,57986173,21195122,17224642,24641194,23822446,14139971,170729553,65913144,116952434,93905958,35722372,16464746,25026165,20397258,85343184,18666
844,12611642,170729553,85343184,16464746,93905958,,380580781,204317520,165436952,164880154,310741786,19493072,103598
216,304462046,196680777,40981798,280935165,116036694,276706356,69592091,56860418,144631425,314316607,229039814,195475105,20813
2323,214968599,107830991,222261763,149538028,274153775,131029775,123371682,217796457,26929220,151338729,276308596,254839786,358
775055,19358562,195475105,461410856,153226312,124528830,28465635,317076339,43003845,46209291,197504076,187773078,164880154,30745
8983,19493072,188108667,430268163,259842341,56860418,144631425,206923844,314316607,2367911,40981798,208132323,214968599,1003
18079,149538028,88323281,439788025,131029775,123371682,172883064,217796457,151338729,254839786,276706356,280935165,258140947,3028
47930,230880104,157829215,19358562,430182387,461410856,153226312,124528830,43003845,380580781,175553601,204317520,46209291,2160880
14,157829215,310741786,187773078,259842341,19493072,103598216,430268163,304462046,196680777,280935165,116036694,69592091,5686
0418,144631425,280365428,206923844,214328887,314316607,2367911,229039814,40981798,208132323,173732041,107830991,248883350,100318079,149538028,274153775,131029775,123371682,217796457,26929220,151338729,254839786,276706356,30284793
0,358775055,230880104,19358562,204140367,160237722,430182387,461410856,153226312,124528830,43003845,204317520,46209291,216088014,197504076,157829215,165436952,187773078,310741786,307458983,259842341,103598216,430268163,304462046,280935165,116036694,208132323,69592091,56860418,144631425,280365428,206923844,214328887,314316607,229039814,40981798,101204352,195475105,214968599,173732041,248883350,222261763,317076339,149538028,88323281,123371682,26929220,276308596,254839786,302847930,358775055,230880104,19358562,274153775,430268163,2367911,229039814,461410856,88323281,100581193,40981798,101204352,195475105,307458983,158419434,28465635,43003845,222261763,100318079,276706356,157829215,439788025,123371682,358775055,19358562,112939321,461410856,43003845,187773078,101204352,214968599,262340283,40981798,173732041,100581193,276706356,19358562,112939321,461410856,153226312,116036694,43003845,204317520,197504076,164880154,188108667,184097849,158419434,214328887,2367911,40981798,195475105,208132323,214968599,173732041,88097807,149538028,274153775,88323281,131029775,172883064,26929220,276706356,181701688,258140947,19358562,204140367,160237722,430182387,259842341,461410856,153226312,124528830,317076339,43003845,175553601,216088014,157829215,310741786,19493072,103598216,430268163,304462046,280935165,158419434,56860418,144631425,314316607,2367911,40981798,195475105,173732041,107830991,248883350,222261763,100318079,274153775,439788025,123371682,358775055,217796457,172883064,204317520,151338729,276308596,26929220,254839786,276706356,302847930,230880104,19358562,204140367,430182387,461410856,153226312,124528830,158419434,160237722,317076339,43003845,380580781,175553601,204317520,46209291,216088014,157829215,165436952,187773078,310741786,307458983,103598216,430268163,304462046,196680777,280935165,259842341,116036694,276706356,69592091,56860418,144631425,280365428,206923844,214328887,314316607,2367911,229039814,40981798,101204352,195475105,214968599,173732041,222261763,100318079,149538028,274153775,439788025,123371682,107830991,26929220,151338729,276308596,254839786,302847930,358775055,230880104,19358562,103598216,304462046,196680777,461410856,153226312,40981798,26929220,280935165,124528830,151338729,116036694,208132323,28465635,43003845,107830991,317076339,254839786,69592091,56860418,149538028,157829215,131029775,19358562,123371682,302847930,358775055,314316607,2367911,19493072,217796457,204140367,103598216,222261763,358775055,304462046,40981798,153226312,172883064,204317520,26929220,280935165,124528830,274153775,151338729,276308596,100581193,19493072,43003845,107830991,248883350,131029775,100318079,175553601,229039814,254839786,69592091,56860418,216088014,149538028,157829215,165436952,280365428,206923844,214328887,164880154,314316607,2367911,230880104,302847930,310741786,259842341,196680777,19358562,314316607,204140367,103598216,160237722,196680777,430182387,461410856,430268163,116036694,40981798,26929220,280935165,173732041,153226312,28465635,151338729,69592091,158419434,195475105,317076339,43003845,100318079,175553601,204317520,229039814,46209291,56860418,149538028,216088014,123371682,144631425,206923844,254839786,302847930,380580781,2367911,310741786,157829215,307458983,187773078,259842341,19493072,217796457,19358562,274153775,204140367,160237722,124528830,43003845,175553601,204317520,56860418,216088014,157829215,165436952,112939321,164880154,310741786,307458983,19493072,280935165,116036694,69592091,280365428,206923844,214328887,314316607,2367911,229039814,40981798,195475105,208132323,214968599,173732041,100581193,88097807,107830991,222261763,100318079,149538028,88323281,131029775,358775055,196680777,172883064,26929220,151338729,276308596,254839786,258140947,302847930,230880104,19358562,274153775,204140367,160237722,112939321,43003845,380580781,204317520,165436952,310741786,307458983,19493072,304462046,280935165,254839786,208132323,206923844,214328887,314316607,40981798,100581193,248883350,144631425,317076339,280365428,149538028,274153775,439788025,131029775,160237722,204140367,112939321,430182387,461410856,153226312,124528830,317076339,43003845,380580781,175553601,204317520,187773078,310741786,103598216,430268163,304462046,200214366,280935165,259842341,116036694,158419434,262340283,69592091,144631425,214328887,314316607,2367911,229039814,28465635,40981798,101204352,195475105,214968599,173732041,100581193,248883350,222261763,100318079,149538028,274153775,439788025,217796457,26929220,151338729,276308596,254839786,276706356,46209291,181701688,258140947,302847930,358775055,230880104,157829215,19358562,204140367,430182387,461410856,153226312,439788025,276308596,160237722,43003845,380580781,175553601,204317520,216088014,157829215,307458983,19493072,103598216,430268163,107830991,304462046,196680777,280935165,280365428,254839786,259842341,116036694,158419434,208132323,69592091,124528830,317076339,144631425,206923844,2367911,229039814,40981798,173732041,100581193,56860418,248883350,222261763,100318079,187773078,149538028,274153775,131029775,123371682,302847930,217796457,230880104,26929220,151338729,276706356,46209291,19358562,196680777,40981798,26929220,124528830,259842341,100581193,43003845,222261763,276706356,56860418,157829215,280365428,206923844,123371682,2367911,310741786,19358562,274153775
100318079,151338729,206923844,43003845,40981798,123371682,254839786,28465635,157829215,259842341,43003845,19493072,258140947,1935
153226312,187773078,380580781,430268163,280935165,197504076,123371682,151338729,206923844,439788025,258140947,274153775
214328887,69592091,195475105,100581193,259842341,172883064,28465635,276706356,204317520,461410856,56860418,158419434,254839786,124
528830,189875309,107830991,307458983,40981798,358775055,26929220,204140367,1160366
746,16464746,309366491,204089551,141021153,111164068,131601987,15853668,7702232,19040580,16475194,12121162,1585
3668,309366491,111164068,131601987,16464746,22679419,14139971,93905958,116952434,184637153,16464746,15853668,22705686,16098603,141021153,204089551,309366491,131601987,111164068,16098603,111164068,131601987,170729553,16464746,187744415,22679419,141021153,36198161,12121162,16464746,93905958,170729553,16112634,184637153,204089551,65913144,187744415,14139971,116952434,7846,141021153,16098603,36198161,57986173,47161442,111164068,131601987,16464746,85343184,93905958,21681252,16098603,116952434,47161442,17346342,19040580,16475194,127973392,18753000,22705686,7872262,131601987,111164068,15853668,204089551,309366491,111164068,16464746,16098603,184637153,65913144,14139971,14498387,141021153,24004172,36198161,116952434,57986173,12121162,111164068,131601987,16464746,85343184,204089551,16112634,93905958,170729553,36198161,47161442,57986173,21681252,19040580,127973392,7846,16475194,184637153,204089551,16098603,43933017,184637153,65913144,187744415,22705686,14139971,14498387,15853668,16464746,7846,57986173,36198161,116952434,47161442,12121162,45416789,131601987,85343184,16112634,21681252,93905958,170729553,187744415,141021153,111164068,14139971,16464746,187744415,22705686,65913144,14139971,116952434,7872262,14498387,15853668,7702232,127973392,309366491,141021153,184637153,16098603,17346342,18753000,45416789,16112634,21681252,19040580,16475194,93905958,42361118,36198161,65913144,116952434,15853668,184637153,7846,47161442,141021153,22705686,45416789,42361118,131601987,111164068,131601987,170729553,16464746,111164068,7872262,116952434,204089551,141021153,111164068,131601987,16464746,131601987,111164068,116952434,16464746,7846,141021153,111164068,131601987,170729553,7846,204089551,141021153,111164068,131601987,16112634,85343184,65913144,16453996,116952434,7872262,14498387,15853668,309366491,184637153,57986173,47161442,45416789,21681252,42361118,116952434,187744415,16464746,170729553,16112634,184637153,22705686,116952434,7702232,19040580,18753000,15853668,204089551,141021153,170729553,111164068,43933017,65913144,22705686,7702232,127973392,309366491,24004172,16098603,17346342,47161442,45416789,131601987,16112634,21681252,184637153,187744415,22705686,15853668,309366491,36198161,116952434,16464746,204089551,141021153,111164068,170729553,116952434,93905958,15853668,7702232,19040580,16475194,18753000,16098603,36198161,16453996,65913144,116952434,16112634,57986173,184637153,7846,14498387,22679419,12121162,204089551,187744415,170729553,93905958,85343184,14139971,131601987,141021153,204089551,15853668,7702232,309366491,36198161,116952434,19040580,16475194,18753000,15680204,131601987,15853668,7702232,116952434,184637153,14139971,15853668,7702232,309366491,17346342,19040580,16475194,18753000,15680204,204089551,111164068,131601987,7846,204089551,111164068,131601987,16464746,16098603,17346342,7702232,127973392,36198161,15680204,309366491,16475194,15853668,14139971,131601987,170729553,18753000,16098603,116952434,16112634,14139971,22679419,12121162,170729553,187
744415,85343184,111164068,141021153,93905958,131601987,16464746
195475105,380580781,280935165,43003845,187773078,124528830,157829215,430268163,19493072,206923844,2367911,12337168
2,149538028,248883350,214328887,107830991,151338729,172883064,46209291,222261763,461410856,158419434,153226312,254839786,284656
204317520,160237722,197504076,157829215,276308596,461410856,248883350,100581193,358775055,307458983,103598216,380580781,274153775,124528830,69592091,430268163,123371682,314316607,40981798,214328887,149538028,153226312,112939321,206923844,280935165,19493072,254839786,26929220,204140367,187773078,43003845,172883064,151338729,107830991,2367911,46209291,116036694,195475105,88097807,259842341,19358562,56860418,165436952,276308596,430182387,461410856,208132323,358775055,380580781,274153775,124528830,69592091,304462046,317076339,123371682,204140367,214968599,131029775,314316607,40981798,149538028,153226312,280935165,19493072,43003845,254839786,112939321,259842341,26929220,229039814,144631425,196680777,107830991,103598216,164880154,151338729,116036694,195475105,19358562,56860418,157829215,430182387,208132323,358775055,19493072,380580781,274153775,124528830,187773078,69592091,206923844,123371682,131029775,314316607,40981798,461410856,214328887,149538028,153226312,248883350,302847930,144631425,280935165,43003845,254839786,230880104,26929220,229039814,196680777,430268163,107830991,103598216,100318079,151338729,2367911,46209291,116036694,304462046,173732041,259842341,19358562,175553601,56860418,165436952,160237722,276308596,157829215,430182387,461410856,208132323,248883350,358775055,197504076,307458983,274153775,124528830,101204352,69592091,317076339,206923844,123371682,214968599,314316607,40981798,214328887,149538028,153226312,302847930,144631425,280935165,43003845,254839786,230880104,26929220,229039814,204140367,187773078,430268163,103598216,46209291,116036694,195475105,304462046,173732041,259842341,19358562,56860418,43003845,100318079,40981798,225784456,208132323,116036694,196680777,101204352,187773078,221829166,430268163,123371682,430182387,280935165,157829215,100318079,160237722,151338729,107830991,225784456,314316607,461410856,204140367,46209291,153226312,43003845,116036694,254839786,195475105,229039814,307458983,103598216,40981798,380580781,19358562,230880104,124528830,112939321,144631425,259842341,196680777,302847930,69592091,317076339,175553601,165436952,157829215,276308596,430182387,461410856,248883350,307458983,103598216,380580781,274153775,124528830,69592091,317076339,206923844,123371682,214968599,40981798,214328887,149538028,153226312,112939321,302847930,144631425,280935165,19493072,254839786,230880104,229039814,196680777,187773078,430268163,164880154,43003845,100318079,172883064,151338729,107830991,2367911,46209291,116036694,304462046,173732041,259842341,19358562,175553601,56860418,123371682,164880154,280935165,43003845,100318079,276308596,151338729,40981798,19493072,149538028,116036694,100581193,259842341,229039814,204140367,196680777,69592091,56860418,187773078,40981798,69592091,280935165,254839786,204140367,380580781,43003845,151338729,116036694,173732041,197504076,225784456,461410856,208132323,214968599,40981798,214328887,149538028,153226312,181701688,112939321,88097807,164880154,26929220,131029775,274153775,43003845,172883064,2367911,116036694,195475105,173732041,221829166,19358562,160237722,157829215,276308596,430182387,461410856,358775055,19493072,274153775,124528830,304462046,317076339,123371682,314316607,40981798,153226312,259842341,248883350,302847930,144631425,280935165,254839786,230880104,26929220,204140367,430268163,103598216,43003845,100318079,172883064,151338729,107830991,2367911,195475105,173732041,19358562,175553601,56860418,165436952,157829215,276308596,430182387,461410856,153226312,204140367,307458983,103598216,380580781,274153775,124528830,304462046,101204352,69592091,317076339,430268163,123371682,160237722,214968599,314316607,214328887,149538028,302847930,144631425,280935165,107830991,206923844,358775055,254839786,230880104,26929220,229039814,196680777,187773078,175553601,43003845,100318079,40981798,151338729,2367911,46209291,116036694,195475105,19358562,173732041,259842341,56860418,165436952,164880154,280935165,19493072,43003845,157829215,100318079,172883064,276308596,107830991,314316607,40981798,2367911,248883350,100581193,358775055,149538028,153226312,254839786,103598216,304462046,214328887,230880104,26929220,274153775,131029775,124528830,229039814,204140367,196680777,302847930,151338729,175553601,69592091,206923844,19358562,259842341,56860418,160237722,123371682,280935165,43003845,100318079,151338729,314316607,40981798,430182387,461410856,2367911,46209291,19493072,149538028,153226312,116036694,157829215,307458983,69592091,103598216,380580781,19358562,26929220,173732041,229039814,259842341,204140367,195475105,196680777,302847930,187773078,317076339,430268163,254839786,274153775,144631425,175553601,206923844,56860418,165436952,123371682,380580781,43003845,314316607,151338729,280935165,153226312,208132323,116036694,254839786,26929220,173732041,124528830,229039814,175553601,40981798,165436952,160237722,276308596,208132323,280935165,358775055,157829215,307458983,274153775,124528830,69592091,206923844,214968599,131029775,314316607,214328887,149538028,112939321,302847930,19493072,254839786,230880104,26929220,172883064,229039814,204140367,196680777,164880154,43003845,100318079,40981798,151338729,107830991,2367911,116036694,100581193,195475105,88097807,173732041,19358562,175553601,56860418,123371682,164880154,43003845,157829215,100318079,131029775,151338729,107830991,40981798,214328887,149538028,153226312,195475105,103598216,26929220,124528830,112939321,229039814,259842341,204140367,196680777,302847930,187773078,19358562,175553601,206923844,19493072,157829215,151338729,314316607,208132323,214328887,149538028,43003845,116036694,254839786,100318079,229039814,40981798,230880104,26929220,124528830,204140367,196680777,302847930,187773078,69592091,144631425,175553601,56860418,165436952,160237722,208132323,248883350,100581193,307458983,380580781,274153775,317076339,206923844,314316607,40981798,214328887,149538028,112939321,144631425,280935165,19493072,254839786,131029775,204140367,43003845,304462046,160237722,157829215,276308596,225784456,461410856,116036694,100581193,229039814,103598216,380580781,124528830,69592091,317076339,214968599,314316607,40981798,430182387,214328887,149538028,153226312,181701688,248883350,112939321,302847930,144631425,280935165,358775055,254839786,259842341,230880104,26929220,204140367,101204352,187773078,430268163,43003845,100318079,151338729,2367911,46209291,195475105,304462046,173732041,274153775,19358562,175553601,160237722,157829215,100581193,276308596,430182387,461410856,208132323,307458983,103598216,204140367,274153775,124528830,317076339,123371682,40981798,149538028,153226312,69592091,259842341,248883350,302847930,206923844,280935165,254839786,19493072,230880104,26929220,131029775,229039814,196680777,187773078,430268163,380580781,43003845,100318079,151338729,107830991,2367911,46209291,116036694,304462046,173732041,144631425,19358562,175553601,56860418,204140367,165436952,196680777,43003845,230880104,153226312,151338729,40981798,206923844,304462046,123371682,280935165,19493072,43003845,100318079,151338729,107830991,314316607,149538028,153226312,116036694,195475105,254839786,304462046,380580781,229039814,259842341,204140367,196680777,302847930,187773078,274153775,69592091,19358562,317076339,206923844,56860418,43003845,100318079,40981798,214328887,195475105,307458983,187773078
116036694,88323281,314316607,153226312,193
2,206923844,103598216,222261763,123371682,204140367,124528830,276308596,274153775,248883350,160237722,204317520,151338729,2
21714,24004172,14498387,42361118,16098603,20397258,60968363,8004732,43933017,7846,47161442,24641194,21681252,57986173,8470732,1134701,65913144,17224642,16453996,18069427,7872262,119228619,24641194,71383220,35926608,104209445,8004732,21681252,18069427,17092592,15853668,18581803,22679419,24641194,14691709,14922225,17092592,24081780,14498387,42361118,16098603,60968363,22679419,43933017,47161442,21681252,57986173,65913144,21195122,7872262,7861312,24004172,17759701,14498387,42361118,16098603,141508391,47161442,14269220,24641194,21681252,57986173,1134701,17224642,8470732,7872262,119228619,17224642,35926608,104209445,15853668,18021714,24004172,17759701,14498387,309366491,42361118,16098603,60968363,8004732,21681252,43933017,47161442,24641194,24081780,57986173,1134701,65913144,16453996,18069427,8470732,7872262,17224642,119228619,24081780,35926608,104209445,18021714,17759701,14498387,42361118,20397258,60968363,141508391,8004732,21681252,43933017,24641194,57986173,1134701,65913144,16453996,71383220,18069427,8470732,7872262,25026165,15853668,22705686,14498387,131601987,36198161,22784458,21681252,43933017,7846,65913144,48485771,35722372,57986173,18666844,170729553,116952434,16098603,60968363,47161442,16112634,16464746,15853668,19040580,22705686,25026165,16475194,14498387,104352067,22784458,8004732,21681252,65913144,35722372,18753000,309366491,42361118,17224642,94414805,7872262,116952434,16098603,20397258,16112634,7702232,119228619,17224642,35926608,104209445,14922225,24004172,17759701,14498387,42361118,16098603,20397258,60968363,141508391,8004732,21681252,43933017,47161442,7872262,24641194,24081780,57986173,1134701,65913144,16453996,71383220,18069427,8470732,18581803,119228619,7861312,17224642,35926608,25026165,104209445,14922225,18069427,18021714,24004172,24641194,17759701,14498387,42361118,16098603,104352067,141508391,22679419,8004732,43933017,57986173,47161442,7872262,21681252,1134701,21195122,65913144,16453996,71383220,15853668,8470732,60968363,35926608,104209445,24004172,17759701,18581803,14498387,42361118,16098603,20397258,104352067,60968363,141508391,22679419,8004732,43933017,24641194,21681252,24081780,65913144,17224642,21195122,16453996,1134701,16464746,18069427,7872262,24081780,35926608,104209445,18021714,24004172,14498387,8004732,43933017,47161442,24641194,21681252,1134701,65913144,17224642,14691709,71383220,18069427,8470732,60968363,7872262,116952434,25026165,15853668,42361118,36198161,22784458,7846,47161442,65913144,22705686,25026165,94414805,15853668,14498387,104352067,22784458,21681252,65913144,309366491,42361118,141508391,57986173,17224642,7872262,7861312,116952434,104209445,17759701,20397258,18581803,47161442,21195122,16453996,16112634,8470732,24004172,17224642,35722372,104209445,20397258,15853668,17759701,18753000,309366491,104352067,18581803,36198161,141508391,8004732,47161442,94414805,24641194,65913144,22705686,16453996,16112634,16475194,25026165,71383220,119228619,7861312,35926608,14922225,18021714,10350,17759701,14498387,42361118,60968363,141508391,8004732,43933017,47161442,24641194,21681252,57986173,65913144,71383220,7872262,119228619,35926608,104209445,14922225,14498387,309366491,42361118,16098603,18666844,141508391,22679419,43933017,47161442,21681252,57986173,65913144,14691709,71383220,7702232,7872262,119228619,24081780,18021714,47161442,18069427,24004172,14498387,104352067,8004732,43933017,21681252,65913144,42361118,24641194,57986173,17224642,7872262,104209445,16098603,20397258,60968363,1134701,21195122,16453996,71383220,8470732,18021714,22705686,25026165,14922225,24004172,131601987,104352067,22784458,18666844,43933017,21681252,65913144,48485771,35722372,309366491,141508391,24641194,17224642,94414805,16098603,18581803,47161442,16112634,7702232,24081780,35926608,104209445,21195122,17759701,14498387,18581803,22679419,43933017,47161442,57986173,15853668,17224642,94414805,8470732,7872262,309366491,17092592,15853668,18021714,309366491,18581803,60968363,43933017,94414805,57986173,14498387,65913144,14922225,7872262,119228619,35926608,104209445,14922225,24004172,17759701,21681252,42361118,16098603,141508391,8004732,43933017,47161442,24641194,24081780,1134701,21195122,16453996,71383220,65913144,17224642,18069427,8470732,7872262,18021714,119228619,24081780,35926608,25026165,18021714,18069427,14922225,24004172,36198161,8004732,43933017,21681252,65913144,7872262,42361118,24641194,57986173,17224642,7861312,104209445,16098603,60968363,47161442,1134701,71383220,16464746,8470732
813286,22784458,3840,7861312,1183041,7846,10350,3829151,6519522,7861312,7846,1183041,10350,3829151,11830
41,18581803,7861312,1183041,10350,3829151,1183041,7861312,7872262,18581803,13348,7846,3840,10350,1183041,65195
22,7846,7861312,1183041,10350,6519522,7861312,1183041,7861312,7872262,1183041,7861312,1183041,7861312,7872262,10350,7861312,19040580,15680204,7702232,22784458,7861312,10350,7846,22784458,13348,15680204,7861312,22784458,1183041,7861312
307458983,274153775,222261763,158419434,259842341,258140947,204140367,214328887,157829215,262340283,1877730
78,151338729,28465635,380580781,280935165,204317520,46209291,439788025,19358562,358775055,430268163,276308596,124528830,26929220,195475105,276706356,314316607,254839786,116036694,100581193,40981798,69592091,153226312,43003845,149538028,112939321,2367911,461410856,248883350,160237722,103598216,19358562,40981798,200214366,43003845,258140947,214968599,181701688,100318079,158419434,100318079,28465635,43003845,276706356,116036694,40981798,19358562,259842341,258140947,214968599,440963134,215785630,157829215,230880104,100318079,187773078,151338729,28465635,280935165,302847930,217796457,439788025,430268163,124528830,144631425,195475105,317076339,276706356,46209291,314316607,254839786,40981798,153226312,43003845,149538028,2367911,461410856,274153775,157829215,173732041,259842341,26929220,214968599,440963134,230880104,204140367,187773078,101204352,43003845,304462046,280935165,229039814,302847930,461410856,19358562,358775055,276308596,430182387,144631425,214328887,195475105,430268163,317076339,46209291,314316607,254839786,116036694,40981798,69592091,153226312,124528830,149538028,248883350,204317520,160237722,222261763,103598216,310741786,222261763,158419434,258140947,215785630,100318079,28465635,200214366,175553601,173732041,19358562,116036694,181701688,26929220,195475105,276706356,40981798,43003845,262340283,112939321,2367911,46209291,254839786,151338729,314316607,158419434,40981798,380580781,153226312,430268163,103598216,430182387,43003845,259842341,124528830,280935165,144631425,302847930,262340283,69592091,19358562,230880104,204140367,215785630,112939321,461410856,195475105,204317520,160237722,157829215,217796457,116036694,175553601,276706356,100318079,229039814,317076339,225784456,439788025,19358562,100581193,40981798,2367911,358775055,430268163,222261763,158419434,43003845,100318079,461410856,229039814,195475105,28465635,157829215,276706356,440963134,101204352,274153775,200214366,222261763,439788025,173732041,158419434,259842341,214968599,215785630,214328887,157829215,230880104,100318079,229039814,187773078,151338729,28465635,380580781,43003845,304462046,112939321,280935165,302847930,217796457,175553601,204317520,254839786,19358562,276308596,430182387,69592091,124528830,144631425,430268163,317076339,276706356,46209291,116036694,40981798,153226312,216843160,149538028,2367911,461410856,248883350,103598216,40981798,258140947,215785630,187773078,101204352,43003845,225784456,116036694,195475105,276706356,216843160,262340283,112939321,173732041,46209291,181701688,116036694,40981798,215785630,43003845,222261763,200214366,258140947,216843160,195475105,181701688,101204352,100318079,225784456,274153775,200214366,173732041,258140947,214968599,215785630,262340283,100318079,187773078,43003845,175553601,225784456,40981798,195475105,276706356,46209291,116036694,461410856,248883350,181701688,274153775,222261763,173732041,158419434,259842341,214968599,440963134,204140367,195475105,157829215,100318079,229039814,187773078,101204352,280935165,151338729,380580781,43003845,304462046,430268163,302847930,230880104,175553601,204317520,439788025,160237722,358775055,276308596,430182387,40981798,19358562,124528830,144631425,26929220,317076339,276706356,46209291,314316607,254839786,116036694,69592091,153226312,149538028,2367911,461410856,214328887,103598216,310741786,28465635,43003845,40981798,216843160,215785630,195475105,181701688,100318079,46209291,314316607,151338729,254839786,274153775,19358562,116036694,40981798,28465635,69592091,380580781,153226312,173732041,430182387,158419434,43003845,259842341,280935165,144631425,302847930,440963134,461410856,149538028,2367911,204140367,26929220,160237722,157829215,217796457,195475105,175553601,430268163,317076339,103598216,310741786,100318079,229039814,187773078,204317520,439788025,40981798,28465635,200214366,43003845,19358562,158419434,216843160,262340283,461410856,181701688,214968599,195475105,276706356,173732041,225784456,274153775,222261763,173732041,258140947,26929220,214968599,440963134,204140367,214328887,157829215,230880104,100318079,229039814,151338729,358775055,43003845,112939321,280935165,302847930,175553601,204317520,19358562,276308596,100581193,124528830,195475105,314316607,254839786,116036694,40981798,69592091,149538028,2367911,160237722,310741786,274153775,439788025,440963134,204140367,214328887,380580781,43003845,304462046,280935165,204317520,144631425,317076339,314316607,254839786,100581193,40981798,149538028,112939321,248883350,160237722,310741786,274153775,40981798,222261763,19358562,173732041,259842341,26929220,440963134,204140367,157829215,100318079,187773078,280935165,151338729,229039814,380580781,43003845,304462046,302847930,230880104,217796457,175553601,204317520,46209291,439788025,158419434,254839786,276308596,430268163,430182387,124528830,144631425,317076339,276706356,116036694,100581193,69592091,153226312,149538028,2367911,461410856,248883350,160237722,103598216,46209291,314316607,151338729,254839786,19358562,116036694,28465635,69592091,380580781,153226312,430268163,222261763,173732041,304462046,158419434,259842341,40981798,230880104,26929220,302847930,187773078,144631425,204140367,160237722,157829215,217796457,195475105,317076339,276706356,103598216,100318079,229039814,430182387,101204352,439788025,40981798,158419434,204317520,43003845,28465635,214328887,195475105,276706356,100318079,187773078,19358562,276706356,158419434,43003845,40981798,214968599,28465635,280935165,317076339,100318079,187773078,215785630,40981798,195475105,43003845,187773078,225784456,153226312,276706356,276308596,100318079,358775055,259842341,2367911,280935165,124528830,195475105,317076339,116036694,430268163,43003845,229039814,248883350,258140947,380580781,430182387,157829215,28465635,215785630,181701688,173732041,222261763,262340283,100581193,461410856,439788025,440963134,160237722,230880104,26929220,314316607,112939321,225784456,187773078,204317520,254839786,19358562,40981798,302847930,149538028,214328887,310741786,214968599,158419434,204140367,175553601,144631425,200214366,304462046,69592091,46209291,216843160,101204352,151338729,103598216,217796457,274153775
56860418,204317520,158419434,28465635,2367911,204140367,430268163,206923844,27415377
5,26929220,149538028,124528830,214328887,123371682,19358562,151338729,116036694,276706356,107830991,6959
2091,46209291,258140947,248883350,380580781,259842341,157829215,439788025,358775055,195475105,40981798,1035
98216,19493072,222261763,314316607,276308596,254839786,172883064,43003845,153226312,204317520,28465635,274153775,204140
367,144631425,196680777,151338729,26929220,149538028,124528830,153226312,123371682,19358562,116036694,380580781,276706356,1310
29775,107830991,69592091,259842341,358775055,430182387,195475105,4098179
8,103598216,19493072,164880154,222261763,229039814,314316607,276308596,254839786,310741786,43003845,317076339,131029775,28465635
,2367911,144631425,430268163,123371682,151338729,206923844,149538028,124528830,19358562,276706356,46209291,258140947,40981798,259842341,157829215,439788025,195475105,100318079,302847930,19493072,164880154,314316607,254839786,172883064,43003845,317076339,153226312,204317520,214328887,131029775,175553601,2367911,274153775,144631425,430268163,123371682,310741786,196680777,151338729,206923844,19358562,26929220,149538028,124528830,216088014,153226312,280365428,116036694,380580781,276706356,302847930,107830991,69592091,46209291,40981798,248883350,259842341,157829215,358775055,430182387,100318079,103598216,229039814,314316607,19493072,254839786,43003845,100318079,28465635,164880154,40981798,116036694,157829215,43003845,195475105,172883064,204317520,274153775,204140367,144631425,259842341,430268163,310741786,206923844,26929220,149538028,124528830,216088014,153226312,214328887,123371682,280365428,19358562,116036694,302847930,69592091,46209291,40981798,248883350,157829215,358775055,430182387,195475105,103598216,222261763,229039814,314316607,276308596,254839786,43003845,317076339,204317520,158419434,28465635,164880154,175553601,274153775,2367911,144631425,259842341,430268163,196680777,151338729,206923844,149538028,124528830,216088014,153226312,214328887,123371682,19358562,116036694,380580781,276706356,100318079,302847930,107830991,69592091,46209291,248883350,157829215,439788025,430182387,40981798,103598216,19493072,222261763,229039814,276308596,254839786,172883064,43003845,317076339,100318079,28465635,149538028,204317520,69592091,19493072,164880154,204140367,123371682,40981798,229039814,276308596,259842341,196680777,116036694,43003845,151338729,276706356,204317520,158419434,175553601,2367911,204140367,144631425,276308596,430268163,310741786,151338729,274153775,26929220,124528830,216088014,153226312,123371682,19358562,276706356,107830991,40981798,248883350,259842341,157829215,439788025,358775055,430182387,195475105,100318079,302847930,103598216,222261763,314316607,19493072,254839786,172883064,43003845,317076339,204317520,158419434,175553601,2367911,204140367,144631425,196680777,430268163,310741786,151338729,274153775,26929220,149538028,124528830,216088014,153226312,214328887,430182387,123371682,280365428,19358562,116036694,380580781,276706356,100318079,302847930,107830991,69592091,46209291,40981798,206923844,259842341,157829215,439788025,358775055,195475105,103598216,222261763,229039814,314316607,276308596,254839786,43003845,317076339,131029775,149538028,302847930,107830991,123371682,314316607,69592091,124528830,19493072,2367911,40981798,19358562,103598216,196680777,116036694,157829215,26929220,254839786,43003845,358775055,317076339,28465635,153226312,151338729,131029775,100318079,204317520,302847930,26929220,149538028,107830991,314316607,69592091,103598216,19493072,216088014,2367911,214328887,164880154,274153775,248883350,280365428,40981798,19358562,153226312,196680777,310741786,222261763,229039814,151338729,276308596,259842341,157829215,254839786,175553601,172883064,124528830,43003845,204140367,358775055,206923844,204317520,2367911,158419434,26929220,195475105,28465635,149538028,302847930,204140367,69592091,43003845,19493072,216088014,274153775,123371682,144631425,46209291,175553601,40981798,19358562,153226312,103598216,157829215,430268163,229039814,259842341,196680777,116036694,254839786,380580781,310741786,100318079,430182387,317076339,314316607,151338729,206923844,204317520,175553601,2367911,274153775,310741786,196680777,222261763,151338729,206923844,26929220,149538028,124528830,216088014,214328887,280365428,19358562,116036694,131029775,302847930,107830991,204140367,69592091,258140947,40981798,157829215,358775055,195475105,100318079,19493072,164880154,229039814,314316607,276308596,254839786,172883064,43003845,100318079,204317520,158419434,26929220,28465635,175553601,149538028,302847930,124528830,69592091,19493072,216088014,214328887,204140367,144631425,40981798,157829215,310741786,229039814,314316607,196680777,116036694,254839786,43003845,151338729,204317520,158419434,175553601,274153775,317076339,2367911,204140367,259842341,196680777,430268163,123371682,151338729,206923844,26929220,149538028,124528830,216088014,153226312,280365428,19358562,116036694,276706356,302847930,107830991,69592091,46209291,40981798,248883350,144631425,380580781,157829215,439788025,430182387,100318079,103598216,19493072,131029775,222261763,229039814,276308596,254839786,43003845,40981798,2367911,26929220,274153775,124528830,280365428,19358562,196680777,123371682,310741786,222261763,259842341,157829215,43003845,276706356,206923844,100318079,204317520,28465635,149538028,274153775,302847930,107830991,204140367,69592091,19493072,153226312,123371682,19358562,229039814,314316607,259842341,196680777,116036694,254839786,380580781,43003845,195475105,317076339,151338729,206923844,100318079,158419434,26929220,28465635,302847930,107830991,69592091,46209291,103598216,19493072,216088014,153226312,204140367,123371682,144631425,317076339,40981798,19358562,430268163,222261763,229039814,314316607,259842341,196680777,116036694,157829215,254839786,380580781,430182387,195475105,151338729,206923844,276706356,131029775,100318079,26929220,69592091,2367911,204140367,123371682,40981798,248883350,19493072,151338729,116036694,43003845,317076339,172883064
19358562,274153775,103598216,461410856,100581193,56860418,151338729,204140367,380580781,307458983,15841
9434,153226312,46209291,259842341,276308596,149538028,204317520,43003845,40981798,248883350,254839786,430268163,439788
025,187773078,19493072,314316607,160237722,206923844,107830991,100318079,19493072,40981798,307458983,43003845,274153775,103598216,461410856,151338729,380580781,56860418,153226312,259842341,276308596,204317520,217796457,43003845,229039814,144631425,440963134,40981798,149538028,254839786,304462046,314316607,107830991,204140367,19493072,208132323,131029775,317076339,430182387,461410856,56860418,151338729,302847930,307458983,153226312,46209291,259842341,317076339,149538028,217796457,230880104,254839786,144631425,440963134,40981798,430268163,439788025,314316607,187773078,100318079,19493072,43003845,208132323,131029775,206923844,103598216,216088014,461410856,100318079,56860418,151338729,380580781,302847930,274153775,153226312,46209291,259842341,430182387,149538028,217796457,230880104,43003845,229039814,144631425,440963134,40981798,248883350,254839786,204317520,430268163,304462046,314316607,187773078,19493072,208132323,173732041,131029775,206923844,107830991,103598216,461410856,158419434,43003845,40981798,248883350,439788025,187773078,100318079,101204352,131029775,274153775,103598216,461410856,204140367,101204352,302847930,56860418,307458983,153226312,46209291,259842341,317076339,430182387,276308596,149538028,204317520,208132323,43003845,254839786,229039814,230880104,144631425,440963134,40981798,248883350,430268163,216088014,314316607,304462046,206923844,187773078,173732041,160237722,158419434,307458983,43003845,40981798,131029775,100318079,173732041,206923844,153226312,103598216,259842341,430268163,160237722,216088014,314316607,317076339,307458983,461410856,100318079,230880104,151338729,204140367,144631425,229039814,302847930,40981798,430182387,158419434,204317520,217796457,107830991,43003845,380580781,46209291,254839786,100581193,430268163,439788025,461410856,100318079,101204352,229039814,440963134,40981798,158419434,307458983,43003845,151338729,43003845,40981798,43003845,40981798,274153775,103598216,461410856,56860418,151338729,380580781,302847930,158419434,153226312,46209291,259842341,307458983,317076339,216088014,430182387,276308596,149538028,204317520,217796457,43003845,229039814,230880104,144631425,40981798,248883350,254839786,430268163,304462046,439788025,206923844,187773078,100318079,19493072,173732041,107830991,461410856,100581193,43003845,440963134,40981798,187773078,101204352,173732041,317076339,187773078,19493072,43003845,380580781,173732041,40981798,314316607,217796457,440963134,274153775,461410856,158419434,153226312,149538028,204317520,43003845,40981798,208132323,173732041,131029775,274153775,103598216,461410856,56860418,151338729,302847930,158419434,153226312,259842341,317076339,216088014,276308596,204317520,217796457,230880104,144631425,254839786,440963134,40981798,248883350,430268163,304462046,439788025,314316607,100318079,204140367,19493072,43003845,107830991,173732041,160237722,430182387,430268163,274153775,461410856,230880104,56860418,151338729,204140367,380580781,302847930,158419434,103598216,307458983,101204352,153226312,46209291,259842341,216088014,206923844,276308596,149538028,204317520,43003845,229039814,144631425,440963134,40981798,254839786,304462046,439788025,314316607,187773078,100318079,173732041,160237722,317076339,107830991,430182387,153226312,103598216,304462046,461410856,314316607,19493072,56860418,151338729,208132323,440963134,107830991,302847930,40981798,149538028,131029775,217796457,317076339,43003845,254839786,440963134,131029775,229039814,274153775,103598216,259842341,304462046,153226312,276308596,248883350,216088014,100318079,314316607,230880104,19493072,56860418,151338729,204140367,302847930,40981798,149538028,204317520,206923844,107830991,100581193,43003845,254839786,204317520,229039814,153226312,440963134,274153775,103598216,46209291,259842341,430268163,216088014,314316607,317076339,461410856,187773078,100318079,430182387,56860418,151338729,43003845,204140367,144631425,380580781,173732041,40981798,149538028,302847930,158419434,217796457,160237722,307458983,206923844,19493072,254839786,173732041,307458983,461410856,439788025,40981798,158419434,43003845,274153775,100581193,56860418,151338729,204140367,302847930,307458983,216088014,276308596,149538028,204317520,208132323,43003845,229039814,230880104,440963134,40981798,254839786,100318079,107830991,19493072,173732041,314316607,131029775,160237722,206923844,229039814,153226312,103598216,259842341,187773078,100318079,151338729,204140367,302847930,40981798,149538028,204317520,131029775,206923844,107830991,43003845,274153775,103598216,461410856,230880104,314316607,100581193,100318079,151338729,204140367,380580781,302847930,158419434,276308596,153226312,46209291,259842341,317076339,248883350,430182387,149538028,204317520,217796457,229039814,144631425,254839786,440963134,40981798,430268163,160237722,439788025,304462046,187773078,101204352,43003845,173732041,274153775,103598216,216088014,461410856,40981798,187773078,100581193,151338729,204140367,380580781,302847930,204317520,307458983,153226312,46209291,259842341,276308596,158419434,149538028,217796457,230880104,229039814,173732041,317076339,440963134,248883350,254839786,56860418,430268163,439788025,304462046,100318079,19493072,144631425,206923844,43003845,208132323,131029775,160237722,107830991,430182387,274153775,259842341,206923844,100581193,56860418,440963134,40981798,43003845,204317520,229039814,153226312,274153775,259842341,304462046,206923844,187773078,314316607,19493072,100318079,56860418,151338729,204140367,380580781,302847930,149538028,317076339,107830991,43003845,254839786,229039814,153226312,103598216,46209291,259842341,304462046,216088014,307458983,314316607,317076339,187773078,230880104,100318079,19493072,56860418,151338729,204140367,101204352,144631425,380580781,430268163,302847930,173732041,40981798,430182387,158419434,217796457,160237722,206923844,107830991,254839786,430268163,229039814,103598216,259842341,304462046,314316607,317076339,461410856,187773078,100318079,430182387,19493072,151338729,204140367,43003845,380580781,302847930,40981798,158419434,217796457,206923844,254839786,317076339,187773078,19493072,100318079,43003845,40981798,158419434,307458983,43003845,40981798
149538028,153226312,69592091,358775055,158419434,307458983,40981798,160237722,195475105,204317520,4300
845,46209291,112939321,276308596,26929220,19358562,204140367,124528830,222261763,123371682,259842341,116036694,172883
064,461410856,254839786,56860418,430268163,103598216,314316607,439788025,274153775,157829215,88097807,248883350,280935165,100581193,258140947,153226312,317076339,40981798,195475105,217796457,43003845,196680777,310741786,56860418,112939321,276308596,26929220,19358562,204140367,124528830,208132323,222261763,123371682,259842341,430182387,116036694,69592091,304462046,229039814,461410856,254839786,103598216,314316607,358775055,274153775,164880154,165436952,440963134,280935165,131029775,204317520,144631425,153226312,317076339,307458983,40981798,195475105,230880104,43003845,46209291,19358562,124528830,208132323,123371682,217796457,259842341,172883064,461410856,254839786,314316607,430268163,439788025,164880154,157829215,56860418,302847930,440963134,280935165,131029775,100318079,258140947,144631425,153226312,69592091,175553601,40981798,204317520,43003845,46209291,196680777,310741786,26929220,19358562,124528830,208132323,123371682,217796457,259842341,430182387,116036694,304462046,229039814,461410856,254839786,103598216,314316607,430268163,358775055,274153775,157829215,56860418,248883350,173732041,302847930,440963134,280935165,230880104,131029775,100318079,144631425,69592091,222261763,307458983,40981798,195475105,204317520,43003845,46209291,310741786,276308596,26929220,19358562,204140367,124528830,208132323,123371682,317076339,248883350,259842341,430182387,116036694,304462046,229039814,461410856,254839786,103598216,314316607,430268163,358775055,274153775,157829215,56860418,173732041,302847930,440963134,153226312,280935165,160237722,230880104,144631425,165436952,153226312,69592091,175553601,317076339,158419434,307458983,40981798,204317520,43003845,46209291,196680777,112939321,276308596,172883064,19358562,124528830,222261763,123371682,217796457,259842341,430182387,116036694,304462046,229039814,461410856,254839786,103598216,430268163,439788025,274153775,164880154,157829215,56860418,248883350,173732041,302847930,280935165,230880104,100318079,144631425,165436952,69592091,56860418,204140367,229039814,100318079,123371682,280935165,217796457,40981798,100581193,204317520,259842341,43003845,196680777,116036694,276308596,164880154,153226312,158419434,40981798,43003845,195475105,112939321,208132323,164880154,26929220,116036694,172883064,461410856,19358562,274153775,88097807,173732041,440963134,131029775,204317520,258140947,43003845,153226312,69592091,317076339,358775055,222261763,158419434,307458983,40981798,195475105,175553601,46209291,196680777,310741786,276308596,461410856,103598216,204140367,124528830,123371682,259842341,19358562,430182387,26929220,116036694,304462046,229039814,254839786,314316607,430268163,439788025,274153775,157829215,56860418,165436952,173732041,440963134,280935165,160237722,230880104,204317520,100318079,144631425,302847930,440963134,208132323,19358562,124528830,461410856,254839786,317076339,358775055,56860418,103598216,314316607,123371682,280935165,153226312,40981798,131029775,217796457,116036694,43003845,196680777,26929220,69592091,304462046,302847930,157829215,153226312,440963134,204140367,175553601,229039814,276308596,124528830,172883064,100318079,254839786,314316607,103598216,248883350,358775055,56860418,19358562,302847930,304462046,222261763,131029775,280935165,230880104,100581193,204317520,157829215,259842341,43003845,196680777,310741786,274153775,26929220,40981798,165436952,69592091,164880154,19358562,153226312,56860418,204140367,175553601,46209291,317076339,302847930,440963134,430182387,103598216,158419434,314316607,430268163,123371682,195475105,280935165,160237722,217796457,307458983,40981798,204317520,173732041,43003845,116036694,229039814,196680777,310741786,274153775,26929220,100318079,144631425,259842341,461410856,69592091,254839786,157829215,69592091,40981798,43003845,196680777,310741786,175553601,195475105,112939321,276308596,204140367,124528830,254839786,208132323,222261763,164880154,26929220,116036694,204317520,19358562,229039814,172883064,88097807,314316607,307458983,358775055,274153775,157829215,56860418,165436952,173732041,302847930,440963134,280935165,160237722,230880104,131029775,100581193,100318079,258140947,153226312,19358562,204140367,229039814,175553601,124528830,302847930,103598216,123371682,40981798,131029775,204317520,259842341,43003845,100318079,196680777,195475105,26929220,112939321,164880154,157829215,69592091,56860418,144631425,204140367,229039814,175553601,124528830,100318079,254839786,116036694,302847930,158419434,208132323,314316607,230880104,40981798,204317520,43003845,196680777,310741786,26929220,157829215,307458983,40981798,204317520,43003845,310741786,112939321,204140367,208132323,317076339,304462046,254839786,314316607,439788025,274153775,248883350,440963134,280935165,160237722,131029775,100581193,144631425,165436952,69592091,317076339,358775055,158419434,40981798,204317520,175553601,43003845,46209291,310741786,195475105,112939321,276308596,19358562,204140367,124528830,222261763,217796457,153226312,259842341,430182387,26929220,116036694,304462046,229039814,461410856,254839786,103598216,314316607,430268163,439788025,274153775,157829215,248883350,173732041,440963134,280935165,160237722,230880104,100581193,100318079,258140947,144631425,302847930,153226312,69592091,317076339,158419434,307458983,26929220,40981798,230880104,204317520,175553601,43003845,46209291,229039814,196680777,276308596,19358562,144631425,124528830,208132323,222261763,123371682,217796457,302847930,259842341,430182387,116036694,157829215,304462046,461410856,280935165,254839786,56860418,103598216,430268163,439788025,204140367,274153775,173732041,440963134,160237722,131029775,248883350,100581193,100318079,153226312,56860418,19358562,204140367,314316607,254839786,69592091,302847930,123371682,280935165,195475105,317076339,204317520,259842341,43003845,116036694,229039814,196680777,274153775,100318079,304462046
47161442,7861312,8004732,24004172,17224642,1134701,14498387,57986173,24641194,18021714,104209445,423611
18,43933017,119228619,20397258,35926608,65913144,18069427,60968363,16453996,8004732,8470732,24081780,16098603,21681252,7872262
45416789,57986173,43933017,14498387,42361118,21195122,60968363,7872262,21681252,24081780,16098603,45416789,22679419,65913144,17224642,17759701,57986173,24641194,14498387,7861312,141508391,7872262,24004172,8470732,16098603,1134701,21681252,45416789,14269220,42361118,21681252,16098603,16112634,22784458,36198161,23822446,104352067,57986173,20397258,65913144,104209445,22784458,16098603,18753000,16475194,8470732,17224642,7872262,19040580,24081780,16098603,16112634,141508391,7872262,20397258,17759701,21681252,25026165,8470732,24641194,65913144,21195122,71383220,18069427,57986173,24641194,14498387,18021714,60968363,42361118,43933017,8004732,7872262,119228619,21681252,35926608,24004172,65913144,309366491,16453996,24081780,8470732,16098603,1134701,17759701,45416789,17224642,104209445,104352067,17224642,17759701,24641194,8470732,8004732,104209445,7861312,60968363,20397258,7872262,16475194,21195122,24081780,25026165,14922225,24004172,10350,22679419,42361118,119228619,35926608,65913144,18069427,14691709,14498387,71383220,57986173,18581803,8004732,14922225,16475194,7861312,17759701,22784458,25026165,94414805,21681252,19040580,36198161,25026165,16098603,57986173,43933017,22784458,36198161,16112634,14498387,60968363,21681252,45416789,170729553,65913144,24004172,18069427,7872262,57986173,24641194,14498387,141508391,16453996,17224642,43933017,60968363,14922225,20397258,18581803,24081780,8470732,104209445,119228619,16098603,1134701,17759701,21681252,45416789,42361118,8004732,35926608,65913144,71383220,18069427,24004172,104352067,25026165,57986173,14922225,1134701,18021714,141508391,16453996,21195122,17224642,7872262,65913144,7861312,60968363,17759701,35926608,8470732,104209445,119228619,16098603,22679419,24641194,21681252,43933017,45416789,8004732,14498387,42361118,71383220,18069427,17224642,24641194,14498387,14691709,18021714,8004732,104209445,43933017,60968363,24004172,21681252,24081780,8470732,1134701,7872262,45416789,35926608,65913144,71383220,25026165,42361118,22784458,45416789,65913144,36198161,309366491,21195122,21681252,25026165,16112634,17224642,57986173,141508391,18581803,22784458,94414805,20397258,14498387,16453996,42361118,8470732,17759701,104352067,104209445,7861312,7872262,45416789,65913144,17224642,18581803,141508391,104209445,309366491,8004732,18753000,20397258,24004172,16475194,16453996,17759701,25026165,94414805,24641194,104352067,65913144,36198161,16112634,45416789,71383220,16098603,16112634,57986173,23822446,24641194,20397258,104352067,24641194,17759701,57986173,14498387,18021714,141508391,42361118,43933017,8004732,60968363,14922225,7872262,65913144,7861312,21681252,10350,45416789,119228619,35926608,71383220,57986173,14498387,14691709,141508391,104209445,43933017,119228619,14922225,309366491,21681252,16098603,45416789,22679419,42361118,35926608,65913144,7872262,71383220,8004732,18069427,21195122,21681252,16098603,1134701,7872262,17224642,18021714,43933017,24004172,42361118,14498387,16453996,60968363,119228619,24081780,8470732,104352067,24641194,104209445,57986173,20397258,45416789,65913144,71383220,17759701,25026165,18581803,16098603,309366491,21681252,17224642,18021714,43933017,24004172,94414805,22784458,16112634,104352067,24641194,14922225,141508391,45416789,65913144,22679419,36198161,19040580,18753000,25026165,94414805,16098603,24081780,17224642,14498387,18581803,43933017,57986173,35926608,309366491,17759701,7872262,8470732,94414805,45416789,22679419,104209445,21195122,8470732,14691709,8004732,18069427,21195122,7861312,17759701,16098603,1134701,7872262,42361118,16112634,35926608,17224642,57986173,18021714,43933017,24004172,16453996,94414805,36198161,14498387,60968363,119228619,104352067,24641194,104209445,14922225,20397258,141508391,21681252,65913144,24081780,71383220,24004172,24081780,1134701,24641194,43933017,16098603,16453996,18069427,42361118,14922225,21681252,65913144,17759701,21195122,141508391,8004732,8470732,104209445,119228619,45416789,7872262,17224642,35926608,18021714,71383220,309366491,7861312,22679419,17224642,43933017,21681252,7872262,18069427,7861312,21681252,25026165,16098603,1134701,35926608,18021714,43933017,24004172,36198161,42361118,60968363,119228619,24081780,8470732,17224642,57986173,24641194,104209445,8004732,14922225,7872262,45416789,65913144,71383220
187773078,314316607,103598216,153226312,40981798,124528830,307458983,46209291,204317520,19358562,380580781,123371682,461410
856,160237722,69592091,151338729,259842341,195475105,157829215,116036694,107830991,262340283,158419434,276706356,2809351
65,254839786,430268163,112939321,204140367,189875309,43003845,189898898,40981798,262340283,46209291,225784456,43003845,314316607,153226312,40981798,307458983,46209291,317076339,19358562,144631425,123371682,461410856,151338729,259842341,195475105,157829215,217796457,215785630,100318079,276706356,280935165,124528830,254839786,430268163,302847930,230880104,43003845,314316607,153226312,40981798,124528830,46209291,19358562,123371682,461410856,69592091,116036694,151338729,259842341,430182387,157829215,144631425,107830991,175553601,216088014,100318079,196680777,276706356,280935165,254839786,380580781,430268163,217796457,230880104,103598216,229039814,302847930,204317520,43003845,40981798,19358562,461410856,158419434,100318079,276706356,112939321,103598216,189875309,43003845,40981798,215785630,189898898,262340283,189875309,225784456,43003845,314316607,103598216,153226312,124528830,307458983,46209291,204317520,317076339,461410856,123371682,160237722,69592091,116036694,259842341,195475105,430182387,157829215,40981798,144631425,280935165,19358562,254839786,430268163,230880104,216088014,204140367,229039814,302847930,43003845,196680777,189898898,40981798,262340283,204317520,100318079,116036694,225784456,43003845,215785630,112939321,40981798,189898898,195475105,43003845,40981798,262340283,215785630,43003845,40981798,46209291,189898898,215785630,262340283,158419434,100318079,276706356,225784456,43003845,40981798,215785630,189898898,262340283,189875309,225784456,195475105,103598216,124528830,307458983,46209291,204317520,317076339,123371682,461410856,69592091,116036694,259842341,430182387,157829215,151338729,153226312,40981798,144631425,215785630,107830991,175553601,216088014,158419434,100318079,276706356,280935165,19358562,254839786,380580781,430268163,217796457,196680777,112939321,230880104,229039814,302847930,43003845,40981798,461410856,262340283,276706356,19358562,112939321,43003845,276706356,40981798,307458983,46209291,189898898,189875309,195475105,116036694,215785630,262340283,112939321,225784456,43003845,217796457,40981798,196680777,19358562,314316607,69592091,116036694,280935165,317076339,195475105,380580781,43003845,204317520,69592091,116036694,151338729,40981798,280935165,254839786,380580781,204140367,43003845,40981798,307458983,46209291,461410856,116036694,215785630,262340283,195475105,100318079,276706356,175553601,225784456,189875309,43003845,230880104,40981798,280935165,124528830,307458983,204317520,317076339,314316607,19358562,144631425,123371682,461410856,160237722,69592091,116036694,151338729,259842341,157829215,196680777,229039814,153226312,107830991,175553601,216088014,158419434,195475105,100318079,430182387,276706356,254839786,380580781,430268163,302847930,103598216,204140367,46209291,43003845,189898898,40981798,43003845,189898898,40981798,189875309,262340283,46209291,225784456,195475105,43003845,217796457,204140367,196680777,19358562,314316607,144631425,153226312,40981798,103598216,123371682,175553601,461410856,158419434,157829215,307458983,216088014,160237722,46209291,69592091,100318079,116036694,151338729,259842341,280935165,229039814,317076339,195475105,430182387,302847930,254839786,380580781,430268163,204317520,43003845,40981798,195475105,215785630,262340283,112939321,189875309,225784456,43003845,196680777,19358562,112939321,107830991,153226312,40981798,103598216,123371682,124528830,175553601,195475105,100318079,151338729,259842341,229039814,302847930,204140367,157829215,204317520,43003845,196680777,314316607,254839786,144631425,40981798,230880104,175553601,204140367,216088014,69592091,204317520,100318079,158419434,116036694,151338729,229039814,124528830,302847930,157829215,43003845,225784456,215785630,40981798,225784456,112939321,43003845,215785630,189898898,40981798,262340283,225784456,195475105,43003845,40981798,225784456,100318079,314316607,153226312,40981798,124528830,46209291,204317520,317076339,19358562,461410856,160237722,116036694,151338729,259842341,195475105,430182387,69592091,157829215,144631425,215785630,175553601,262340283,158419434,276706356,280935165,254839786,380580781,430268163,217796457,112939321,230880104,103598216,204140367,229039814,225784456,302847930,43003845,40981798,175553601,158419434,100318079,276706356,43003845,100318079,215785630,276706356,189898898,40981798,262340283,189875309,43003845,153226312,40981798,124528830,46209291,204317520,317076339,157829215,69592091,123371682,461410856,160237722,151338729,259842341,430182387,116036694,144631425,107830991,175553601,216088014,100318079,158419434,276706356,280935165,19358562,254839786,380580781,430268163,217796457,302847930,196680777,307458983,230880104,103598216,204140367,229039814,43003845,196680777,19358562,314316607,107830991,153226312,123371682,69592091,100318079,116036694,151338729,259842341,280935165,229039814,317076339,195475105,302847930,254839786,204140367,380580781,204317520,43003845,314316607,217796457,19358562,144631425,107830991,153226312,40981798,230880104,103598216,123371682,157829215,307458983,204140367,216088014,160237722,195475105,46209291,100318079,158419434,116036694,196680777,151338729,259842341,276706356,229039814,317076339,430182387,69592091,302847930,254839786,380580781,430268163,217796457,302847930,196680777,19358562,314316607,254839786,40981798,103598216,123371682,175553601,461410856,204140367,158419434,69592091,100318079,116036694,151338729,259842341,280935165,229039814,317076339,430182387,380580781,430268163,157829215,43003845,40981798,189898898,116036694,43003845,40981798,307458983,158419434,204317520,100318079,276706356,195475105,43003845,100318079,40981798,307458983,158419434,276706356,280935165,317076339,19358562,43003845,307458983,43003845,225784456,40981798,195475105,215785630,40981798,189898898,158419434,100318079,43003845,40981798,195475105,100318079,43003845,189875309,153226312,276706356,100318079,259842341,116036694,280935165,124528830,195475105,317076339,430268163,229039814,380580781,430182387,157829215,107830991,262340283,461410856,46209291,314316607,112939321,225784456,204317520,19358562,40981798,215785630,302847930,254839786,307458983,158419434,160237722,216088014,123371682,204140367,43003845,196680777,175553601,144631425,189898898,69592091,230880104,151338729,103598216,217796457
19040580,65913144,8004732,18069427,43933017,7872262,21681252,1134701,16098603,15853668,16475194,22784458,7702232,30936
6491,17346342,15680204,18753000,16475194,18753000,22705686,309366491,16475194,15680204,116952434,16098603,18753000,16475194,7872
262,47161442,17346342,22705686,17224642,104209445,127973392,22784458,15853668,25026165,16475194,18021714,104209445,127973392,22705
686,16475194,7872262,16475194,18753000,17346342,18753000,1065921,47161442,8004732,25026165,57986173,17759701,22784458,16475
194,21681252,127973392,18753000,17346342,15853668,65913144,16475194,22784458,7872262,17224642,21681252,20397258,127973392,2
5026165,42361118,309366491,14498387,116952434,7702232,16098603,8004732,1065921,104352067,184637153,22705686,14139971,17346342,1585
3668,14139971,18753000,16475194,309366491,15680204,17346342,116952434,15680204,15853668,309366491,14139971,18753000,16475194,1585
3668,18753000,22784458,116952434,7702232,22705686,184637153,17346342,15853668,14139971,18753000,16475194,309366491,15853668,1413
9971,17759701,25026165,309366491,16098603,127973392,25026165,116952434,18753000,47161442,22705686,15680204,7702232,15853668,2278
4458,16475194,18753000,15853668,18753000,116952434,22784458,16475194,309366491,15680204,7702232,17346342,15853668,14139971,18753000,16475194,22784458,309366491,15680204,7702232,43933017,21681252,7872262,16475194,309366491,17346342,15680204,18753000,14139971
309366491,25026165,7702232,22705686
225784456,188108667,200214366,262340283,40981798,43003845,88097807,46209291,189898
898,187773078,100318079,262340283,43003845,88097807,116036694,189875309,172883064,40981798,28465635,215785630,157829215,88
323281,164880154,195475105,189898898,189898898,200214366,262340283,302282272,43003845,221829166,189875309,40981798,215785630,8832
3281,187773078,196680777,262340283,43003845,116036694,208132323,204317520,101204352,40981798,28465635,221829166,88323281,100318079,189898898,187773078,100318079,151338729,196680777,262340283,112939321,40981798,116036694,189875309,230880104,144631425,276706356,314316607,204317520,229039814,215785630,157829215,43003845,46209291,259842341,19358562,158419434,195475105,307458983,189898898,88323281,200214366,164880154,158419434,100318079,187773078,262340283,276706356,215785630,43003845,40981798,197504076,189898898,302282272,46209291,258140947,200214366,262340283,189875309,40981798,215785630,216843160,195475105,189898898,187773078,164880154,88097807,165436952,172883064,208132323,221829166,88323281,184097849,187773078,262340283,276706356,112939321,116036694,189875309,101204352,215785630,173732041,181701688,43003845,40981798,216843160,307458983,195475105,188108667,197504076,46209291,189898898,258140947,164880154,158419434,88097807,172883064,131029775,221829166,88323281,274153775,184097849,276706356,112939321,116036694,204317520,215785630,173732041,181701688,43003845,40981798,216843160,195475105,188108667,197504076,149538028,208132323,19358562,258140947,188108667,197504076,200214366,302282272,43003845,88097807,181701688,116036694,165436952,40981798,216843160,101204352,221829166,88323281,215785630,164880154,307458983,195475105,100318079,189898898,258140947,88323281,200214366,88097807,181701688,165436952,221829166,274153775,100318079,187773078,262340283,276706356,116036694,189875309,215785630,173732041,43003845,307458983,195475105,188108667,197504076,248883350,302282272,40981798,208132323,46209291,258140947,88323281,200214366,197504076,43003845,189875309,164880154,40981798,46209291,216843160,262340283,195475105,189898898,187773078,258140947,200214366,164880154,181701688,172883064,221829166,88323281,187773078,262340283,112939321,189875309,101204352,215785630,173732041,43003845,40981798,216843160,195475105,188108667,197504076,302282272,181701688,200214366,307458983,276706356,43003845,158419434,189875309,40981798,28465635,221829166,88323281,19358562,262340283,216843160,195475105,173732041,195475105,28465635,215785630,88323281,187773078,197504076,302282272,43003845,112939321,40981798,101204352,88323281,215785630,187773078,197504076,262340283,43003845,40981798,28465635,215785630,88323281,189898898,187773078,195475105,187773078,40981798,200214366,158419434,151338729,274153775,144631425,100318079,187773078,262340283,276706356,116036694,204317520,101204352,28465635,229039814,215785630,173732041,46209291,181701688,43003845,230880104,40981798,216843160,195475105,314316607,149538028,248883350,258140947,112939321,157829215,259842341,19358562,195475105,100318079,43003845,88323281,40981798,215785630,88323281,43003845,40981798,307458983,195475105,187773078,215785630,164880154
158419434,157829215,56860418,258140947,430268163,40981798,88323281,149538028,187773078,259842341,153226312,19358562,124528830,194
93072,172883064,197504076,151338729,254839786,206923844,461410856,314316607,195475105,276706356,43003845,2367911,439788025,123371682,46209291,280935165,28465635,307458983,151338729,43003845,157829215,100318079,197504076,88323281,188108667,195475105,28465635,172883064,40981798,258140947,214968599,276706356,19493072,40981798,100318079,88323281,19493072,172883064,43003845,188108667,276706356,28465635,307458983,40981798,100318079,187773078,19358562,214968599,131029775,172883064,461410856,276706356,43003845,439788025,28465635,258140947,40981798,100318079,88323281,19358562,2367911,197504076,172883064,215785630,276706356,131029775,206923844,164880154,43003845,28465635,195475105,307458983,157829215,317076339,151338729,153226312,123371682,307458983,19358562,259842341,124528830,302847930,230880104,461410856,314316607,254839786,430268163,40981798,100318079,46209291,280935165,195475105,217796457,215785630,144631425,43003845,276706356,157829215,439788025,123371682,2367911,19358562,461410856,440963134,40981798,88323281,195475105,28465635,43003845,100318079,307458983,276706356,430268163,258140947,100318079,88323281,187773078,276706356,197504076,215785630,164880154,40981798,43003845,46209291,157829215,56860418,302847930,230880104,430268163,40981798,100318079,88323281,217796457,187773078,276706356,151338729,19493072,259842341,317076339,2367911,19358562,124528830,214968599,172883064,215785630,254839786,153226312,206923844,461410856,164880154,43003845,439788025,123371682,144631425,46209291,280935165,28465635,149538028,307458983,258140947,40981798,88323281,149538028,19358562,208132323,197504076,172883064,215785630,214968599,131029775,440963134,153226312,461410856,164880154,188108667,195475105,276706356,43003845,2367911,157829215,56860418,302847930,230880104,430268163,40981798,217796457,276706356,151338729,259842341,317076339,2367911,19358562,124528830,19493072,172883064,254839786,440963134,153226312,461410856,314316607,195475105,100318079,43003845,439788025,123371682,144631425,280935165,157829215,302847930,230880104,430268163,40981798,187773078,276706356,259842341,317076339,2367911,19358562,124528830,280935165,214968599,144631425,254839786,151338729,153226312,206923844,461410856,314316607,56860418,195475105,43003845,440963134,439788025,123371682,307458983,100318079,46209291,149538028,151338729,254839786,157829215,317076339,123371682,440963134,56860418,2367911,302847930,259842341,461410856,144631425,314316607,430268163,40981798,100318079,206923844,19493072,187773078,46209291,280935165,217796457,149538028,43003845,195475105,307458983,153226312,19358562,28465635,439788025,19358562,307458983,461410856,88323281,195475105,28465635,43003845,40981798,214968599,276706356,151338729,254839786,157829215,19493072,208132323,43003845,56860418,302847930,124528830,230880104,144631425,314316607,40981798,100318079,28465635,149538028,187773078,157829215,302847930,258140947,230880104,430268163,40981798,100318079,217796457,149538028,440963134,187773078,276706356,151338729,259842341,317076339,2367911,19358562,124528830,280935165,215785630,214968599,144631425,254839786,153226312,461410856,314316607,195475105,43003845,439788025,28465635,46209291,88323281,40981798,100318079,164880154,276706356,28465635,187773078,258140947,43003845,157829215,302847930,19358562,230880104,430268163,40981798,100318079,217796457,149538028,187773078,56860418,276706356,151338729,259842341,317076339,208132323,153226312,2367911,307458983,19493072,280935165,144631425,254839786,131029775,440963134,206923844,461410856,43003845,439788025,123371682,46209291,124528830,439788025,276706356,461410856,100318079,43003845,40981798,151338729,230880104,254839786,157829215,259842341,317076339,123371682,153226312,19358562,206923844,314316607,302847930,144631425,430268163,40981798,100318079,19493072,46209291,195475105,217796457,307458983,187773078,276706356,56860418,28465635,151338729,254839786,157829215,317076339,123371682,2367911,302847930,259842341,206923844,461410856,314316607,430268163,40981798,100318079,19493072,280935165,217796457,187773078,19358562,43003845,439788025,40981798,88323281,100318079,187773078,195475105,28465635,307458983,276706356,43003845,317076339,276706356,307458983,43003845,19358562,88323281,280935165,40981798,19493072,187773078,214968599,28465635,100318079,88323281,187773078,40981798,100318079,188108667,172883064,43003845,276706356,19493072,153226312,2367911,280935165,317076339,197504076,131029775,430268163,100318079,230880104,258140947,28465635,215785630,40981798,461410856,439788025,124528830,440963134,56860418,46209291,314316607,259842341,206923844,187773078,307458983,172883064,302847930,88323281,254839786,149538028,19358562,214968599,157829215,123371682,144631425,43003845,195475105,164880154,188108667,208132323,151338729,217796457
317076339,19493072,310741786,103598216,195475105,196680777,4301823
35722372,64285972,85343184,191548936,18666844,93905958,63787760,12121162,16464746,187744415,18581803,16112634,191548936,227844
58,93905958,14536491,14139971,18666844,85343184,57986173,93905958,187744415,170729553,191548936,16098603,63787760,12121162,23822446,21195122,16464746,16112634,64285972,111210694,22784458,170729553,16098603,111164068,131601987,16464746,16464746,191548936,12121162,111210694,64285972,170729553,93905958,187744415,22784458,63787760,141021153,23822446,36198161,85343184,20397258,21681252,16098603,104352067,191548936,57986173,116952434,16464746,14139971,16112634,64285972,93905958,111164068,131601987,187744415,65913144,111210694,22784458,63787760,184637153,141021153,23822446,36198161,16453996,16098603,24004172,131601987,85343184,170729553,20397258,17224642,104352067,191548936,57986173,16098603,116952434,12121162,16464746,18581803,14139971,16112634,64285972,93905958,24641194,111164068,65913144,111210694,22784458,18666844,63787760,184637153,141021153,23822446,21195122,14536491,36198161,24004172,64285972,85343184,191548936,18666844,93905958,170729553,16098603,12121162,16464746,14536491,85343184,191548936,93905958,170729553,12121162,16464746,187744415,16112634,111210694,64285972,93905958,170729553,63787760,12121162,23822446,16464746,14536491,18581803,21681252,16098603,14139971,131601987,85343184,170729553,21681252,18666844,191548936,57986173,16098603,116952434,12121162,16464746,14139971,16112634,93905958,187744415,65913144,111210694,22784458,63787760,45416789,184637153,36198161,7872262,20397258,21681252,104352067,17224642,14139971,16098603,116952434,16112634,93905958,45416789,187744415,65913144,22784458,18753000,63787760,184637153,141021153,18666844,85343184,191548936,93905958,116952434,20397258,21681252,18069427,23822446,16464746,187744415,12121162,104352067,36198161,18581803,16112634,64285972,63787760,111210694,16453996,18753000,141508391,20397258,45416789,24641194,65913144,36198161,18581803,14139971,16112634,104352067,17224642,24004172,85343184,191548936,57986173,93905958,16098603,63787760,116952434,20397258,12121162,24641194,23822446,16464746,187744415,16112634,104352067,111210694,131601987,21681252,104352067,18666844,16098603,141508391,17224642,18581803,16112634,45416789,24641194,65913144,22784458,14536491,24004172,111210694,18666844,85343184,191548936,93905958,170729553,16098603,63787760,20397258,12121162,23822446,16464746,187744415,36198161,16112634,85343184,191548936,57986173,93905958,170729553,16098603,116952
434,20397258,12121162,131601987,23822446,21195122,16464746,187744415,16112634,104352067,64285972,111210694,64285972,57986
173,93905958,170729553,63787760,20397258,12121162,23822446,16464746,187744415,16112634,111210694,116952434,36198161,22784458,1707
29553,18753000,131601987,23822446,36198161,14139971,85343184,191548936,22784458,93905958,170729553,16098603,63787760,20397258,12121162,111164068,141021153,131601987,23822446,16464746,187744415,111210694,14139971,16112634,116952434
22679419,15234657,20273398,48485771,15234657,22841103,22784458,93905958,20273398,14536491,15234657,15853668,16098603,1709
2592,14922225,14498387,48485771,14922225,15234657,48485771,15234657,15853668,17092592,22841103,20273398,14922
225,14691709,6608332,14536491,7872262,16098603,15234657,14498387,17092592,21195122,60968363,65913144,7846,15846407,13348,14
691709,18666844,64285972,14922225,22784458,111210694,141021153,20273398,170729553,14691709,15234657,93905958,12121162,1775
9701,182925539,7872262,17092592,15234657,14922225,65913144,14922225,20273398,15234657,17092592,14269220,93905958,12121162,20273
398,64285972,14691709,6608332,170729553,14536491,15234657,1065921,8470732,15853668,14498387,17092592,7846,20273398,71383220,1492
2225,14691709,48485771,21195122,60968363,65913144,119228619,17759701,7872262,93905958,14269220,111210694,15234657,22841103,146917
09,15846407,15853668,17759701,16098603,8470732,119228619,71383220,14922225,21195122,65913144,60968363,7872262,14498387,1134701,160
98603,20273398,21195122,60968363,65913144,17759701,7872262,1134701,14498387,17092592,17092592,7846,14922225,15234657,17092592,18292
5539,15846407,20273398,48485771,7872262,16098603,14498387,71383220,14922225,14691709,18666844,65913144,119228619,15234657,158536
68,15853668,15234657,17759701,19040580,141021153,15234657,7872262,15853668,14498387,8470732,94414805,21195122,17759701,16098
603,111210694,14498387,7846,12121162,93905958,20273398,170729553,22784458,184637153,14691709,60968363,65913144,119228619,15
234657,14922225,14269220,48485771,22841103,15234657,14269220,93905958,20273398,14922225,48485771,7872262,15853668,15234657,48
485771,15234657,16098603,22784458,111210694,93905958,12121162,170729553,141021153,14536491,17092592,17759701,48485771,15234657,1
4269220,18666844,21195122
24081780,45416789,1134701,19040580,43933017,14922225,21681252,7872262,16098603,8004732,8470732,18069427,60968
363,7861312,65913144,35926608,47161442,8004732,18069427,60968363,17224642,24004172,57986173,45416789,20397258,21681252,16453
996,18021714,42361118,14498387,65913144,24641194,7872262,1065921,43933017,16098603,8470732,104209445,119228619,1134701,1065921,47
161442,22679419,60968363,21195122,15234657,14498387,21681252,10671602,57986173,17092592,45416789,42361118,7872262,65913144,43933017,16098603,16112634,14498387,1065921,14536491,21195122,24004172,25026165,35926608,15853668,17224642,18069427,141508391,16453996,8470732,57986173,16464746,20397258,65913144,12611642,24641194,7872262,43933017,16098603,104209445,1134701,71383220,16112634,15853668,47161442,21195122,141508391,7702232,25026165,20397258,7872262,21681252,65913144,24641194,8470732,17759701,16098603,35926608,18021714,15853668,47161442,8004732,17759701,18069427,60968363,57986173,17224642,24004172,45416789,42361118,21681252,14498387,65913144,24641194,7872262,43933017,16098603,8470732,16453996,104209445,119228619,1134701,35926608,71383220,7861312,15853668,47161442,17759701,18069427,60968363,15234657,16475194,65913144,17224642,10671602,24004172,25026165,20273398,17092592,22679419,20397258,14498387,1065921,104352067,24641194,119228619,7872262,8004732,14922225,8470732,42361118,104209445,21195122,48485771,35926608,71383220,8004732,17759701,60968363,17224642,141508391,45416789,57986173,20397258,21681252,16453996,18069427,18021714,14498387,65913144,24641194,7872262,43933017,8470732,42361118,104209445,119228619,1134701,35926608,71383220,47161442,8004732,17759701,18069427,60968363,57986173,65913144,17224642,141508391,21681252,24004172,24641194,18581803,45416789,20397258,16453996,42361118,14498387,7872262,14922225,43933017,8470732,104209445,119228619,1134701,16098603,35926608,22679419,8004732,21195122,17759701,18069427,60968363,17224642,141508391,24004172,24641194,20273398,18581803,45416789,20397258,21681252,16453996,42361118,14498387,65913144,12611642,7872262,104352067,43933017,16098603,16464746,104209445,1134701,35926608,71383220,47161442,8004732,18069427,60968363,17224642,24004172,20273398,45416789,21681252,18021714,14498387,65913144,24641194,7872262,43933017,8470732,104209445,1134701,17092592,12611642,16098603,127973392,93905958,18666844,15222083,16453996,65913144,1065921,22705686,104209445,60968363,21681252,42361118,10671602,7872262,104352067,20397258,14498387,21195122,16098603,16453996,17224642,45416789,65913144,24641194,119228619,71383220,47161442,8004732,60968363,21681252,42361118,1134701,18069427,57986173,24004172,18021714,7872262,43933017,8470732,104209445,43933017,35926608,47161442,22679419,21195122,17759701,17224642,57986173,14498387,10671602,45416789,15853668,7872262,8470732,104209445,18581803,16112634,17759701,20397258,14498387,104352067,14922225,16098603,7861312,15853668,17224642,18666844,16453996,65913144,24641194,104209445,119228619,35926608,71383220,47161442,8004732,60968363,141508391,21681252,42361118,1134701,21195122,18069427,57986173,24004172,36198161,18021714,7872262,43933017,8470732,43933017,35926608,47161442,16098603,8004732,21195122,17759701,18069427,14922225,141508391,17224642,24004172,16453996,24641194,45416789,1134701,21681252,104209445,18021714,42361118,65913144,7872262,8470732,119228619,71383220,14922225,16098603,7861312,17224642,45416789,65913144,24641194,104209445,119228619,35926608,71383220,47161442,8004732,60968363,42361118,1134701,18069427,15234657,57986173,21681252,24004172,25026165,36198161,18021714,7872262,43933017,8470732,16464746
112939321,214328887,100581193,248883350,43003845,40981798,307458983,153226312,195475105,157829215,204317520,187773078,22226
1763,88097807,204140367,116036694,259842341,172883064,124528830,258140947,103598216,88323281,274153775,276308596,149538028,197504
076,304462046,131029775,144631425,43003845,40981798,153226312,164880154,229039814,208132323,195475105,204317520,222261763,204140
367,116036694,259842341,440963134,165436952,124528830,214968599,103598216,310741786,274153775,276308596,149538028,197504076,40981
798,172883064,100318079,181701688,214968599,188108667,258140947,195475105,157829215,101204352,184097849,229039814,88323281,88097
807,43003845,131029775,248883350,43003845,221829166,40981798,101204352,187773078,88097807,172883064,100318079,214968599,103598
216,184097849,200214366,131029775,43003845,221829166,40981798,307458983,302282272,164880154,173732041,181701688,195475105,2222
61763,116036694,172883064,100318079,258140947,215785630,184097849,88323281,197504076,189898898,40981798,200214366,195475105,215785
630,184097849,88323281,187773078,43003845,189898898,225784456,259842341,40981798,100318079,153226312,124528830,195475105,1578292
15,103598216,204317520,307458983,215785630,229039814,144631425,204140367,43003845,116036694,200214366,214328887,304462046,248883
350,144631425,43003845,100318079,307458983,153226312,164880154,173732041,157829215,204317520,187773078,222261763,116036694,4098
1798,259842341,172883064,165436952,124528830,214968599,103598216,215785630,229039814,184097849,88323281,274153775,276308596,1495
38028,100581193,43003845,221829166,40981798,173732041,101204352,187773078,440963134,214968599,40981798,100318079,195475105,16488
0154,215785630,184097849,88323281,189898898,221829166,43003845,43003845,188108667,221829166,40981798,307458983,164880154,1737320
206923844,103598216,276706356,430268163,157829215,254839786